Country,Population,PopUnder15,PopOver60,HealthExp,AdultMortalityRate,HealthyLifeBirth,HealthyLifeBirthM,HealthyLifeBirthF,HealthyLife60,HealthyLife60M,HealthyLife60F,DoctorsPer100,NursesPer100,BasicSanitation,HighBloodPressure,HealthExpGDP,HealthExpUS,HealthExpPPP,HealthExpOPP,CleanWater,HealthRisks,CleanCities,PollPulmDisease,PollHeartDisease,PollRespInfect,PollStroke,PollsTBLCancer,PollTotalDeaths,TotalObesityPrev,ObesityPrevM,ObesityPrevF,DailyTobaccoUse,DailyTobaccoUseM,DailyTobaccoUseF,DailyTobaccoSmoke,DailyTobaccoSmokeM,DailyTobaccoSmokeF,DailyCigSmoke,DailyCigSmokeM,DailyCigSmokeF
Algeria,40606,29,10.7,9.9,95,65.5,65.4,65.6,15.8,15.7,15.8,18.325,22.43,88,25.1,6.4,258.5,974.8,84.1,94,80,34.5,3,22,7,7,2,40,27.4,19.9,34.9,15,29.2,0.8,11.7,22.9,0.5,8.4,16.5,0.2
Argentina,43847,25.1,19.3,6.92,111,68.4,65.9,70.7,17.3,15.3,19.1,40.013,25.821,94,22.6,9.1,1324.6,1916.5,198.9,99,61,11.7,7,13,10,5,2,37,28.3,27.3,29,14.8,18.8,10.8,14.8,18.8,10.8,14.3,18.3,10.3
Armenia,2925,19.9,1.4,7.04,116,66.3,63.6,68.7,15.1,13.6,16.3,29.143,49.535,94,25.5,10.4,407.6,1001.1,343.8,100,83,32.9,9,50,3,10,9,81,20.2,17.1,23,24.5,47.7,1.3,24.5,47.7,1.3,21.5,42,1.1
Australia,24126,18.9,14.4,17.31,61,73,71.8,74.1,20.4,19.3,21.4,34.886,122.016,100,15.2,9.2,5331.8,4816.2,967.8,100,92,7.3,3,8,1,3,2,17,29,29.6,28.4,11.8,13.2,10.4,12.2,13.8,10.6,10.4,11.8,8.9
Austria,8712,14.1,6.2,16.27,62,72.4,70.9,73.9,19.3,17.9,20.6,51.035,70.138,100,21,10.4,4939.9,5617.4,948.6,100,69,13.1,5,24,2,5,4,39,20.1,21.9,18.3,21.8,22.3,21.4,21.8,22.3,21.4,21.2,21.8,20.7
Bahrain,1425,20.3,0.2,10.47,57,68.1,68.3,67.6,16,16,15.8,9.257,24.944,100,21.4,4.7,1127.2,2265.3,344.4,100,80,69,1,9,2,1,1,15,29.8,25.5,36.8,18.8,32.8,4.7,15.3,27.9,2.8,11.3,21.7,0.9
Bangladesh,162952,28.9,33.7,5.66,130,63.3,62.6,64.1,14.7,14,15.4,4.858,2.75,48,24.7,2.3,36.3,94.3,26.8,97,67,58.6,25,31,13,28,5,103,3.6,2.3,5,34.2,52.2,16.2,18.9,37,0.8,14.5,28.5,0.4
Belarus,9480,16.5,5.7,13.79,161,65.5,61.4,69.3,15.1,12.3,17.2,51.905,110.027,98,27.1,5.9,342.5,1129.1,94.2,96,90,19.3,4,83,2,17,4,110,24.5,22.1,26.3,23.1,38.3,8,23.1,38.3,8,20.7,34.7,6.6
Belgium,11358,17,8,15.1,72,71.6,70.2,73,18.8,17.4,20.1,30.138,118.08,99,17.5,10.3,4507.4,5119.1,795,100,84,13,8,15,6,6,5,39,22.1,23.1,21,20.2,21.6,18.8,20.2,21.6,18.8,17.1,17.6,16.6
Benin,10872,42.9,1.6,9.55,242,53.5,52.5,54.4,13.3,12.8,13.7,0.481,7.596,16,27.7,3.7,30.8,84.7,13.8,66,35,30.4,8,22,70,18,0,119,9.6,4.7,14.2,6.5,11.3,1.7,5,9.5,0.5,3.8,7.4,0.1
Bosnia and Herzegovina,3517,14.2,2.3,14.11,92,67.2,64.9,69.4,15.4,13.8,16.8,21.616,61.798,95,30.8,8.9,460.5,1172.4,134.2,96,35,29.7,16,76,5,42,19,159,17.9,17.1,18.4,31.4,38.8,23.9,31.4,38.8,23.9,27.2,33.9,20.5
Botswana,2250,31.6,0.4,8.84,249,57.5,55.2,59.5,13.1,11.7,14.3,5.269,41.15,77,29.6,6.1,465.9,1044.3,13.9,90,30,20.9,8,16,19,10,1,53,18.9,8.1,29.3,18.1,28.3,7.8,15.4,27.3,3.5,8.9,16.5,1.3
Brazil,207653,22.1,73.4,6.78,143,66,63.4,68.7,16.7,15.3,17.9,0,91.081,88,23.3,9.5,928.8,1472.2,255,98,87,11.8,5,12,7,6,2,31,22.1,18.5,25.4,11.4,14.6,8.1,10.6,13.8,7.4,9.5,12.5,6.6
Brunei Darussalam,423,23.4,0.1,6.47,98,67.9,67,68.8,15.8,15.1,16.5,17.812,66.426,96,18.9,2.4,671.4,1875,34.8,100,67,5.8,1,5,1,2,0,9,14.1,12.5,15.7,11.5,21.3,1.8,11.5,21.3,1.8,10.3,19.2,1.4
Bulgaria,7131,14.1,5.6,10.95,135,66.4,63.5,69.2,15.1,13.2,16.8,40.332,48.156,86,28.4,8.1,663.7,1689.7,309,99,64,20.8,12,79,5,37,8,141,25,25.5,24.3,30,34.4,25.7,30,34.4,25.7,27.6,32,23.2
Burkina Faso,18646,45.4,2.1,11.16,255,52.9,52.7,53.1,11.7,11.3,12,0.657,6.698,19,32.6,6.9,44.4,129.1,14.1,48,44,36.3,4,21,55,11,1,93,5.6,2.6,8.1,13.9,21.6,6.2,10.6,19.6,1.6,5.3,10.3,0.3
Burundi,10524,44.9,1.3,13.19,290,52.6,51.2,54,12.3,11.8,12.8,0.5,6.66,46,29.2,7.5,23.5,59.2,6,61,48,35.6,7,17,61,14,0,100,5.4,2.1,8.6,9.8,14.5,5.1,7,12.6,1.4,5.8,11,0.7
Cambodia,15762,31.4,3.1,6.13,170,60.8,59.4,62.1,12.8,12.2,13.2,0,5.889,59,26.1,5.9,82.1,238.2,49.6,79,50,24.9,8,21,29,25,4,87,3.9,2.7,4.8,18.4,30.9,5.9,15.3,28.8,1.7,13.7,25.9,1.6
Canada,36290,16,24,18.77,63,73.2,72,74.3,20.5,19.4,21.6,23.105,98.803,99,13.2,10.6,4754.9,4928.6,676.1,99,99,6.7,3,8,1,2,2,15,29.4,29.5,29.3,11.2,13.8,8.5,9.3,11,7.5,9.2,11,7.5
Chad,14453,47.4,1.7,8.97,360,47.2,46.5,48,11.6,11.2,11.9,0.493,2.525,8,32.9,4.5,29.7,87.3,17.3,39,30,50.8,7,24,130,17,0,181,6.1,3.1,8.9,8.8,15.8,1.8,7.5,14.1,0.9,5.3,10.3,0.3
Chile,17910,20.6,8.1,15.88,87,69.7,67.9,71.5,18,16.5,19.3,21.47,109.776,100,20.9,9,1382,2228.6,463.4,100,76,23.1,6,12,6,7,4,35,28,24.9,31,31.7,35.7,27.8,31.7,35.7,27.8,24.7,27.8,21.6
China,1411415,17.7,646,10.43,80,68.7,68,69.3,15.8,15.1,16.5,17.732,22.914,85,19.2,5.2,440.8,841.1,158.9,93,93,51,32,40,7,39,20,140,6.2,5.9,6.5,21.5,41.5,1.5,21.5,41.5,1.5,19.2,37.2,1.2
Colombia,48653,23.9,15.8,18.14,137,67.1,64.4,69.8,17.1,15.8,18.3,19.742,11.652,90,19.2,7.2,459.2,1039.2,74.9,97,69,17.2,5,17,5,5,2,34,22.3,17.6,26.6,5.1,8,2.2,5.1,8,2.2,3.2,5,1.4
Comoros,796,40,0.1,8.66,225,56.6,55.4,57.8,12.6,11.9,13.2,2.715,6.285,36,27.9,7.4,58.8,123.2,43.9,80,27,18.6,6,22,52,13,1,94,7.8,3.3,12.2,17.1,26.8,7.5,11.1,18.9,3.3,6.2,11.3,1
Congo,5126,42.4,0.8,8.71,261,56.7,55.9,57.6,13.5,13.2,13.8,0,7.932,20,26.2,2.9,50,164.8,24.2,73,33,36.4,6,18,34,13,0,73,9.6,5.5,13.5,11.9,22.2,1.6,9.2,17.8,0.7,9.1,17.8,0.4
Costa Rica,4857,21.9,1.8,23.34,97,70.9,69.1,72.7,19,18,20,13.794,26.577,98,18.7,7.3,869.1,1262.2,184.7,100,77,16.7,5,13,3,4,1,27,25.7,21.1,30.4,6.2,9.4,3,6.2,9.4,3,4.9,7.4,2.4
Croatia,4213,14.7,3.2,13.99,88,69,66.4,71.7,16.3,14.4,18,31.728,61.92,97,32.4,6.8,902.1,1772.5,99,100,78,17.6,10,44,3,18,11,86,24.4,24.1,24.5,30.3,32.4,28.2,30.3,32.4,28.2,25.2,28,22.5
Cuba,11476,16.2,6.5,18.01,92,69.9,68.4,71.4,17.7,16.7,18.8,77.69,0,93,19,11.7,987.6,2485.8,103.5,95,78,21.6,13,34,18,13,12,90,24.6,18.9,30.3,18.6,27.8,9.4,18.6,27.8,9.4,15,22,8.1
Cyprus,1170,16.9,0.6,7.58,55,73.3,71.9,74.8,18.8,17.4,20.2,26.236,40.345,99,19.8,6.7,1731.7,2430.2,772.9,100,74,17.1,6,17,2,5,3,33,21.8,21.9,21.6,30,41.3,18.6,30,41.3,18.6,23.8,33.6,14
Czechia,10611,15.2,7.7,14.91,81,69.3,67,71.6,16.6,14.9,18.2,39.516,83.71,99,27.9,7.2,1475.9,2753.4,218.6,100,68,15.6,7,38,6,9,6,64,26,26.4,25.4,24,28.3,19.7,24,28.3,19.7,23.2,27.1,19.2
Denmark,5712,16.6,4.1,16.77,65,71.8,70.7,73,18.9,17.8,19.9,39.257,102.414,100,20.6,10.1,5800.2,5510,796.9,100,95,10.3,8,10,4,5,4,30,19.7,22.3,17,14.5,14.1,15,14.5,14.1,15,10.1,9.8,10.4
Dominican Republic,10649,29.6,3.1,17.36,160,65.2,63.1,67.5,17.2,16.2,18.2,0,14.547,84,21.5,6.1,433.2,985.7,193.8,97,55,13.3,2,21,5,8,2,38,27.6,21,34.1,6.2,7.8,4.6,6.2,7.8,4.6,6.2,7.8,4.5
Egypt,95689,33.5,21.4,5.59,165,61.1,59.9,62.4,12,11.3,12.7,8.217,19.412,94,25,5.3,105.8,613.8,63.5,99,83,79.6,7,42,10,13,2,73,32,22.7,41.1,18.9,37.5,0.2,18.9,37.5,0.2,14.9,29.8,0.1
El Salvador,6345,27.8,2.1,16.69,177,65.5,61.7,69,16.9,15.8,17.8,0,17.582,87,18.7,7.2,282.5,582.7,82.5,97,89,23.8,5,22,11,4,1,42,24.6,18.9,28.9,9.1,16.3,2,6.1,11,1.3,5,8.9,1
Eritrea,4955,42.1,0.8,3.6,252,57.4,56,59,13.2,12.7,13.7,0,11.852,12,29.1,2.9,32.9,59.3,19.5,52,49,41.1,8,20,47,18,1,95,5,2,7.6,5.6,11,0.2,4.5,8.9,0.1,3.7,7.3,0.1
Estonia,1312,16.2,1,13.54,119,68.2,64.6,71.4,16.9,14.3,18.9,34.152,63.522,99,27.4,6.4,1300.5,2153.3,307.8,100,74,7,3,43,3,6,5,60,21.2,20.3,21.8,23.5,30.2,16.7,23.5,30.2,16.7,22.2,28.4,16
Eswatini,1343,37.4,0.2,16.58,393,50.2,47.8,52.2,11.5,10.1,12.5,0,36.014,58,29.8,6.9,224.7,600.1,23.6,69,40,16.2,9,15,33,11,1,69,16.5,5.4,26.2,7.4,13.1,1.6,6.3,11.6,1,4.3,8,0.5
Ethiopia,102403,41.1,15.5,15.75,219,57.5,56.1,58.9,13.5,13,14,0.464,1.165,7,30.3,3.5,25.3,66.7,8.7,41,63,34,6,19,43,12,1,82,4.5,1.9,6.9,3.7,6.7,0.7,2.4,4.4,0.4,2.2,4.3,0.2
Fiji,899,28.6,0.2,9.25,186,61.3,59.6,63.3,12.7,11.6,13.9,8.6,30.175,95,21.7,3.5,188.4,322.8,29.4,94,63,10.5,7,51,12,5,2,76,30.2,25.1,35.3,16.4,26.9,5.9,16.4,26.9,5.9,14.5,23.7,5.2
Finland,5503,16.4,4.4,12.35,70,71.7,69.8,73.5,19,17.4,20.4,33.309,8.699,99,19.4,9.2,4205.7,4255.2,850.7,100,94,6.5,1,12,0,4,1,19,22.2,23.7,20.6,15,16.2,13.9,15,16.2,13.9,11.2,11.2,11.2
France,64721,18.2,47.4,15.69,71,73.4,71.8,74.9,20.6,19.1,21.9,32.239,105.952,99,22,11.3,4379.7,5011.2,411,100,82,12.4,4,10,3,4,4,25,21.6,22,21.1,28,29.6,26.5,28,29.6,26.5,22.4,24.6,20.2
Gambia,2039,45.5,0.2,15.31,262,54.4,53.7,55.2,11.7,11.3,12.2,1.021,15.447,39,29.1,3.3,23.3,55.8,5.1,78,38,32.3,6,25,52,13,1,97,10.3,5.6,14.8,12,22.7,1.3,12,23.5,0.5,10.2,20.2,0.2
Georgia,3925,18.9,2.3,5,160,64.9,61.5,68.4,14.6,12.7,16.2,50.055,40.174,90,26.3,7.6,293.1,773.3,160.5,98,58,24,16,107,5,49,7,184,21.7,19.2,23.8,24.3,45.1,3.6,24.3,45.1,3.6,21.9,40.5,3.2
Germany,81915,13.1,65.4,19.65,69,71.6,70.2,73,18.6,17.3,19.8,41.342,129.115,99,19.9,11.2,5033.5,5922.6,637.9,100,88,11.9,8,25,3,6,4,45,22.3,24.2,20.4,22.4,25.2,19.6,22.4,25.2,19.6,20,20.9,19.1
Ghana,28207,38.7,4.3,6.82,241,56.4,55.8,57,12.3,11.8,12.8,0,20.017,18,23.7,3.3,66.7,146.9,26.9,81,49,31.1,6,25,48,21,1,101,10.9,4.5,16.6,3,5.7,0.3,2.7,5.2,0.2,2.1,4.1,0.1
Greece,11184,14.3,8.4,9.98,66,72,70.5,73.6,18.8,17.5,20.1,52.527,35.01,99,19.1,8,1516.6,2295.3,527,100,57,16.4,12,29,11,15,9,77,24.9,24.2,25.4,30.8,39.4,22.3,30.8,39.4,22.3,26.5,31.7,21.3
Guyana,773,29.4,0.2,9.45,264,58.3,56.4,60.4,12.9,12.2,13.7,0,6.972,86,23.1,4.9,230.5,405.1,74.9,96,88,21.6,6,37,13,18,1,76,20.2,12.7,27.1,10.8,19.7,1.9,10.8,19.7,1.9,9.3,17.2,1.3
Haiti,10847,33.3,2.2,6.14,243,55.3,53.9,56.8,13.2,12.6,13.7,0.852,2.822,35,24.5,8,62.4,146.1,25.1,65,39,14.7,9,47,39,29,3,127,22.7,17.9,26.9,5.4,8.4,2.4,5.4,8.4,2.4,4,6.8,1.2
Hungary,9753,14.4,7.2,10.14,126,66.8,64.1,69.5,15.1,13,16.7,31.178,66.852,98,30,6.9,981.4,1979.4,263.9,100,68,16.3,10,52,2,11,9,83,26.4,28.2,24.6,25.5,29.5,21.5,25.5,29.5,21.5,24.1,27.8,20.4
Iceland,332,20.2,0.2,15.73,55,73,72.3,73.8,19.6,19,20.3,37.826,163.144,99,19.7,8.3,6086.3,4721.4,1003,100,83,5.9,3,10,1,2,1,17,21.9,24.2,19.4,10.4,10.1,10.8,10.4,10.1,10.8,8.8,9.4,8.3
India,1324171,28.2,349.9,5.05,178,59.3,58.7,59.9,12.9,12.5,13.3,0,14.509,60,25.8,3.5,69.3,253.3,43.2,93,78,68,37,49,30,19,4,141,3.9,2.7,5.1,20.9,33.1,8.6,10,18.9,1.2,3.1,5.9,0.3
Indonesia,261115,27.7,62.9,5.73,176,61.7,60.4,63,12.7,11.8,13.6,2.738,12.99,73,23.8,3,115,367.9,39.8,89,73,16.4,9,35,8,23,5,81,6.9,4.8,8.9,28.7,54.6,2.9,27.6,54.4,0.7,27.6,54.4,0.7
Iran (Islamic Republic of),80277,23.7,19.7,17.53,80,65.4,64.9,65.9,14.7,14.6,14.9,11.526,18.907,88,19.7,8.7,475.5,1748.4,198.5,95,85,34.4,3,21,4,6,1,35,25.8,19.3,32.2,11.3,20.1,2.5,9.1,17.3,0.9,3.2,6,0.5
Iraq,37203,40.5,5.4,6.46,174,59,57.4,60.6,13.2,12.6,13.6,0,16.498,94,25.2,4.2,210.3,494.8,122.1,97,58,60.1,2,19,7,6,2,35,30.4,23.4,37,17.4,32.9,2,16.2,30.6,1.8,10.6,20.5,0.7
Ireland,4726,21.7,2.6,13.44,62,72.1,71.1,73.2,19.2,18.2,20.1,31.498,163.726,91,19.7,7.2,4976.9,5544.7,611.2,97,64,8.7,4,10,2,3,2,20,25.3,25.1,25.5,19.4,21.3,17.5,19.4,21.3,17.5,17.8,19.6,16
Israel,8192,27.9,3.8,11.57,58,72.9,71.7,74.1,19.6,18.5,20.5,34.618,54.466,100,16.6,7.4,3144.6,3014.6,699.7,100,87,19.4,4,8,5,3,3,23,26.1,25.9,26.2,20.5,28.5,12.4,20.5,28.5,12.4,19.5,27.6,11.4
Italy,59430,13.6,49.7,13.65,54,73.2,72,74.3,19.9,18.6,21,38.479,57.152,99,21.2,8.8,2840.1,3619.7,667,99,85,15.7,8,22,4,10,6,49,19.9,20.1,19.5,19.2,22.5,15.9,19.2,22.5,15.9,18.9,22.1,15.7
Jamaica,2881,23,1.1,8.08,131,66.9,65.3,68.5,17.5,16.7,18.3,4.147,14.507,87,21.8,6,307.2,542.9,52.9,91,84,13.6,4,11,4,10,3,32,24.7,15.3,33.4,7.5,12.3,2.8,7.5,12.3,2.8,6.2,10,2.4
Japan,127749,12.9,122,20.28,51,74.8,72.6,76.9,20.9,18.7,22.9,24.115,119.502,100,17.6,10.9,4169,4563.5,535.6,99,95,11.8,6,12,12,8,4,43,4.3,4.8,3.7,18.3,27.9,8.7,18.3,27.9,8.7,17.5,26.8,8.2
Kazakhstan,17988,27.4,5.7,10.9,181,63.4,59.9,66.7,13.9,11.9,15.5,0,72.936,98,27.1,3.1,279.6,820.4,92.7,96,82,14.5,5,35,3,11,2,57,21,18.9,22.7,16.9,29.6,4.1,16.9,29.6,4.1,15.4,27,3.9
Kenya,48462,40.9,5.9,12.8,219,58.9,57,60.8,14.2,13.4,14.9,0,8.65,29,26.7,4.8,76.6,158.2,18.4,59,43,25.8,3,6,25,5,1,40,7.1,2.8,11.1,10,17.6,2.4,7.9,15.1,0.6,7.2,14,0.3
Kuwait,4053,21,0.5,5.77,79,66.3,66.3,66.2,14.1,14.2,13.9,26.463,71.514,100,23.6,5.3,1529.1,3796.7,192.9,100,76,58.9,2,20,9,4,1,37,37.9,33.3,45.6,17,32.1,1.8,15.9,30.5,1.3,12.5,24.2,0.7
Lao People's Democratic Republic,6758,33.3,1.2,3.44,193,57.9,56.9,58.8,12.3,11.8,12.8,0,10.5,74,24.8,2.5,62.1,177.9,28.7,82,35,25.5,11,38,30,26,4,110,5.3,3.7,6.7,30.4,48.5,12.3,23.7,42,5.4,19.8,36.1,3.5
Latvia,1971,15.2,1.5,9.81,154,66.2,62.4,69.5,15.8,13.3,17.6,31.656,48.361,92,29.4,6,930.4,1682.3,390.6,99,77,14.4,3,59,4,26,6,98,23.6,21.6,25.1,31,43.9,18.2,31,43.9,18.2,27.4,37.3,17.6
Lebanon,6007,23.6,2,10.72,96,66.1,65.5,66.8,14.8,14.2,15.6,21.03,15.416,98,20.7,8.2,719.4,1185.3,239,93,73,30.7,4,38,2,4,3,52,32,27.4,37,29.6,39.6,19.7,21.7,29.5,13.9,14.7,22.7,6.8
Liberia,4614,42.1,0.6,11.86,230,54.5,53.9,55.1,11.8,11.4,12.2,0.376,1.013,17,28.3,8.2,56.6,104.7,25.8,73,46,17,4,20,45,13,0,83,9.9,5.5,14.2,7,12.5,1.5,5.4,10,0.7,5.2,10,0.3
Lithuania,2908,14.7,2.1,13.36,155,66.1,61.9,70,15.8,13,17.9,42.993,79.034,93,29.3,6.5,1078.2,2132.6,348,98,83,12.3,3,58,3,16,3,82,26.3,24.2,27.8,21.3,30.1,12.5,21.3,30.1,12.5,19.2,27.6,10.9
Luxembourg,576,16.4,0.3,13.64,56,72.6,71.1,73.7,19.3,17.9,20.5,29.222,123.346,98,21.9,5.5,5782.6,5956.5,618.1,100,97,10.4,4,11,2,3,3,23,22.6,24.5,20.7,16.5,18,14.9,16.5,18,14.9,13.7,15,12.4
Malawi,18092,44.3,2.2,16.77,255,56.2,53.9,58.4,12.8,11.7,13.7,0.165,2.988,26,28.9,9.6,32.3,114.8,3.4,69,35,21.9,4,11,31,7,0,54,5.8,2.2,9.1,10.4,16.6,4.3,7.8,13.2,2.5,7.2,13.2,1.3
Malaysia,31187,24.6,8.5,6.45,123,66.6,65.3,68.1,15.2,14.3,16.2,15.358,33.595,100,22.9,3.9,384.1,1139,145.7,97,95,17.3,3,17,8,5,2,35,15.6,13,17.9,17.6,34.4,0.7,17.6,34.4,0.7,16.1,31.7,0.6
Mali,17995,47.8,2.1,5.64,270,50.7,50.4,51,11.5,11.4,11.6,1.395,4.131,39,32.6,3.8,31.4,84.2,11,78,48,29,10,24,55,16,1,107,8.6,4.6,12.4,9.7,18,1.3,9.7,18,1.3,6.2,12,0.3
Malta,429,14.4,0.3,15.64,55,72.2,71.3,73.3,19,17.9,19.9,28.598,83.695,100,19.4,9.3,2585.6,3943.1,898.6,100,60,14,5,24,5,6,4,44,28.9,29.2,28.5,19.7,22.6,16.8,19.7,22.6,16.8,17.7,19.3,16
Mauritius,1262,18.9,0.6,9.99,145,65.8,63.6,68.2,15.9,14.6,17.1,21.943,32.76,96,25,5.7,599.7,1278,293,100,64,13.5,9,23,4,10,2,48,10.8,5.6,15.7,21.4,38.7,4.1,16.1,30.6,1.7,14.7,28,1.3
Mexico,127540,27.1,36.2,11.58,127,67.7,65.8,69.6,17.1,16.2,18,23.246,24.174,91,19.7,5.5,494.7,1035.6,204.2,99,83,20.9,6,15,5,4,1,33,28.9,24.3,32.8,7.8,12,3.6,7.8,12,3.6,7.5,11.6,3.4
Mongolia,3027,29.3,0.6,6.72,211,61.9,58.6,65.5,13.3,11.7,14.7,32.194,37.877,58,29,4,148.8,518.1,47.8,83,84,49.5,4,46,7,34,6,97,20.6,17.5,23.2,21.7,39.5,3.9,21.4,38.9,4,19.2,34.5,3.8
Morocco,35277,27.6,10.5,6.03,69,65.3,65,65.5,15.1,14.6,15.5,0,0,89,26.1,5.2,161,438.1,86.8,87,75,31.1,3,23,6,6,2,40,26.1,19.4,32.2,12.1,23.7,0.5,11.4,22.4,0.5,9.1,17.8,0.3
Mozambique,28829,45,4,8.81,336,52.2,50.3,53.9,13,12.3,13.5,0.408,6.376,29,29.1,4.9,21.1,61.8,1.6,56,60,18.4,4,11,38,11,1,64,7.2,3.3,10.5,11.2,18.1,4.3,12.1,20.8,3.3,9.6,17.8,1.3
Myanmar,52885,27.4,14,3.59,195,58.4,56.9,59.9,12,11.3,12.6,0,0,64,24.6,4.7,58,287.6,44.2,82,64,34.6,24,24,24,34,9,116,5.8,4,7.3,36.8,58.3,15.3,15.3,27.3,3.3,8.5,15.5,1.6
Namibia,2480,36.9,0.4,13.86,296,55.9,53.8,57.9,12.8,11.6,13.7,0,18.856,35,28.5,8.6,447.3,895.4,34.6,83,59,21,9,18,33,13,1,75,17.2,7.5,25.4,13.9,22.7,5.1,16.8,27.5,6,11.5,19.7,3.2
Netherlands,16987,16.6,12,20.86,59,72.1,71.3,72.8,18.9,17.8,19.9,34.917,107.489,98,18.7,10.1,4911.4,5513.1,544.5,100,90,12.1,7,12,3,5,5,31,20.4,20.8,20,18,20,16,18,20,16,17.3,19.2,15.5
New Zealand,4661,19.8,2.7,23.36,66,72.8,71.8,73.9,20.3,19.4,21.2,32.961,119.905,100,16.2,9.2,3937.2,3767.5,534.6,100,90,5.8,2,7,1,2,1,14,30.8,30.1,31.4,13.1,14.3,11.9,13.1,14.3,11.9,12.6,13.8,11.4
Niger,20673,50.2,2.5,7.57,250,52.5,52,53.1,11.9,11.5,12.4,0.472,2.038,14,33.4,7.7,29.3,78.9,14,50,39,73,7,23,92,16,0,140,5.5,2.5,8.7,6.9,13.2,0.7,4.4,8.6,0.1,5.6,11.3,0
Nigeria,185990,44.1,24,8.17,352,48.9,48.7,49.2,10.7,10.5,10.9,0,0,39,23.9,3.8,73.9,221.1,57.1,71,51,46.3,7,26,108,15,0,159,8.9,4.6,13.1,3.9,7.4,0.4,2.9,5.6,0.2,2.8,5.6,0.1
Norway,5255,17.8,3.3,18.21,55,73,71.8,74.3,19.6,18.4,20.7,26.474,178.622,98,19.7,10.4,7936.4,6518.9,1125.2,100,93,7.8,4,9,2,3,1,19,23.1,23.6,22.5,9.3,11,7.5,12.8,13,12.6,10,10.1,10
Oman,4425,22,0.5,6.76,96,65.6,64,67.7,14.6,13.2,16.1,20.889,45.3,100,24.8,3.8,587.6,1590.8,39.3,92,86,36.2,1,15,3,3,1,22,27,22.9,33.7,7.4,14.5,0.4,6.4,12.6,0.2,4.5,8.8,0.1
Pakistan,193203,34.9,37.1,4.73,159,57.7,57.6,57.9,13,13,12.9,9.262,4.752,60,30.5,2.9,44.6,160.6,26.9,91,49,56.2,16,48,27,20,2,113,8.6,6,11.3,15.7,26.3,5.1,15.7,29.2,2.2,10.5,20.1,0.9
Panama,4034,27.6,1.3,14.63,111,69.4,67.2,71.8,18.8,17.6,20,0,27.62,83,19.9,7.3,1112.3,1794.8,370.1,96,76,12,5,10,5,5,1,26,22.7,17.8,27.6,4.9,7.6,2.2,3,4.9,1.1,2.8,4.5,1
Paraguay,6725,29.7,1.8,11.92,146,65.3,64.2,66.4,16.3,15.6,17,0,6.666,90,24.6,6.7,381.1,866.6,168.4,100,65,11.7,5,19,8,10,3,46,20.3,17.1,23.4,8.3,13.7,2.9,8.3,13.7,2.9,6.9,11.8,2
Peru,31774,27.7,9.3,15,124,67.5,65.8,69.2,17,15.9,18,0,20.661,74,13.7,5,332.6,681.2,93.7,91,48,29,6,16,28,6,3,58,19.7,15.2,24.2,6.8,11.1,2.4,6.8,11.1,2.4,2.3,3.4,1.1
Philippines,103320,32,22.2,10.01,194,61.7,59.4,64.2,13.5,12.1,14.8,0,0,77,22.6,4.4,132.9,371.7,70.5,94,53,18.7,11,39,37,25,5,117,6.4,5.2,7.5,18.7,32.3,5.1,18.7,32.3,5.1,17.1,29.7,4.6
Poland,38224,14.8,25.7,10.7,111,68.5,65.4,71.7,16.6,14.5,18.4,23.252,57.802,99,28.7,6.5,906.8,1958.2,209,100,70,21.5,8,43,8,10,8,76,23.1,23.7,22.2,22.2,26.4,18,22.2,26.4,18,20.5,24.5,16.4
Portugal,10372,13.9,8.2,11.91,76,72,70,74,19.4,17.9,20.7,47.487,65.324,100,24.4,9,1908,2917.4,525.3,100,82,8.1,4,10,5,8,2,28,20.8,20.3,21.2,21.8,26.6,16.9,21.8,26.6,16.9,19.5,23.2,15.8
Qatar,2570,13.9,0.2,5.83,62,68.6,68.4,68.4,15.7,15.4,16.1,26.944,63.924,100,22.4,2.6,1649.2,3354.4,146.8,100,96,91.7,1,9,1,1,1,13,35.1,32.5,43.1,12,23.3,0.7,9.6,18.7,0.4,7.6,15,0.2
Republic of Korea,50792,13.7,28.2,12.28,61,73,70.7,75.1,19.7,17.6,21.4,22.494,59.843,100,11,7.6,2283.1,2980.2,768.7,100,97,24.7,5,8,9,7,6,35,4.7,4.4,4.8,20.6,36.1,5.1,20.6,36.1,5.1,19,33.6,4.3
Republic of Moldova,4060,15.7,2,13.32,167,63.6,60.7,66.4,13.7,12,15.1,24.836,50.036,76,29.8,7,191.2,476.7,83.4,89,60,16.5,5,69,6,22,5,107,18.9,16.2,21.1,21.1,37.3,4.8,21.1,37.3,4.8,19.2,34.3,4.1
Russian Federation,143965,17.3,85.6,9.49,203,63.5,59.1,67.5,14.9,12.4,16.7,37.494,89.663,90,27.2,5.3,585.9,1404.2,237.2,97,99,14.7,3,53,3,21,4,86,23.1,18.1,26.9,27.1,39.2,15.1,27.1,39.2,15.1,25.9,37.4,14.4
Rwanda,11918,40.5,1.6,9.86,198,59.9,58.8,61,14.2,13.8,14.5,1.129,9.882,67,26.7,6.6,49.2,134.4,3.1,58,71,40.7,6,11,32,10,0,59,5.8,1.9,9.3,10.6,15.7,5.5,9.1,15,3.2,6,11.1,0.8
Samoa,195,36.9,0,15.08,110,66,64.1,68,15.3,13.6,17,3.445,0,98,24,5.5,233.1,364,27.6,97,73,10.9,7,26,13,14,2,62,47.3,39.9,55,22.6,32.7,12.4,22.6,32.7,12.4,20,28.4,11.6
Sao Tome and Principe,200,43.2,0,12.39,191,60.7,59,62.3,14.1,13.4,14.7,3.159,22.166,43,25.8,6.2,119.7,209.2,16.5,84,32,25.2,14,14,35,14,4,82,12.4,7.2,16.9,4.1,7,1.1,3.3,6,0.7,3.3,6.2,0.4
Saudi Arabia,32276,25.5,5.1,8.21,89,65.7,65.5,65.8,14.3,14.1,14.7,23.776,56.705,100,23.3,5.2,1093.4,2826.3,184.3,100,75,86.7,2,21,8,7,1,39,35.4,30.8,42.3,12.8,24.6,1.1,10.9,21.1,0.6,7.4,14.4,0.3
Senegal,15412,43,2.1,8.04,185,58.8,57.3,60.1,12.9,12.2,13.5,2.074,1.919,51,30.2,4.1,55,143.1,28.8,81,54,39.7,6,21,35,11,0,74,8.8,4,12.9,7.4,14.1,0.6,6.3,12,0.5,5.2,10.2,0.2
Serbia,8820,16.6,6.2,13.86,103,67.4,65.4,69.4,15.1,13.6,16.3,24.603,76.174,98,29.5,8.4,528.5,1382.2,220.7,86,69,24.7,16,52,6,28,20,122,21.5,21.1,21.8,33.1,34.1,32.2,33.1,34.1,32.2,31.8,32.4,31.3
Seychelles,94,22,0,9.7,163,65.7,62.2,69.5,15.7,13.7,17.8,21.212,80.773,100,23.5,5,791.7,1485.5,194.7,96,53,18.6,5,23,16,9,3,56,14,7.6,20.5,16.3,28.2,4.5,16.3,28.2,4.5,14.5,25.5,3.4
Sierra Leone,7396,42.4,0.9,10.84,389,47.6,47.2,48.1,10.3,10.2,10.4,0,2.239,16,30.3,13.4,66.4,205.4,33.5,61,40,20.6,9,36,79,24,0,148,8.7,3.8,13.3,18.2,30.4,5.9,18.2,30.4,5.9,14.9,27.5,2.3
Singapore,5622,15.2,3,14.15,51,76.2,74.7,77.6,21,19.6,22.3,0,60.092,100,14.6,4.4,2618.7,4270,841.3,100,92,18.3,2,12,18,4,4,39,6.1,5.8,6.3,13.3,23,3.7,13.3,23,3.7,12.9,22.2,3.5
Slovakia,5444,15.3,3.3,14.95,104,68.3,65.3,71.2,16.3,14.2,18,34.438,60.093,98,28.5,6.7,1186.1,2184.2,222,100,73,18,4,34,6,9,6,59,20.5,21,19.9,24,29.8,18.3,24,29.8,18.3,21.3,26.8,15.8
Slovenia,2078,14.8,1.5,12.83,72,70.5,68.3,72.6,17.6,16,19,28.148,88.244,99,30.5,8.2,1920.3,2960.6,236.7,100,86,16.4,5,26,7,11,8,57,20.2,19.4,21,19.7,22.2,17.2,19.7,22.2,17.2,17.7,19.7,15.8
Solomon Islands,599,39.2,0.1,12.54,146,61.9,61.4,62.5,13.1,12.7,13.6,1.937,0,34,22,4.7,101.2,115.2,5.5,68,34,11.5,10,23,17,16,2,67,22.5,17.9,27.1,29.7,44.6,14.7,29.7,44.6,14.7,23.1,35.3,10.9
South Africa,56015,29.2,13.3,14.23,301,55.7,53.2,58.2,12.5,10.6,14.1,7.814,12.693,76,26.9,8.1,499.2,1097.8,38.8,93,70,24.3,9,16,22,10,3,61,28.3,15.4,39.6,23.5,34.4,12.6,17.3,28.8,5.8,13.8,23,4.6
Spain,46348,14.8,33.3,14.5,56,73.8,72.2,75.4,20.3,18.7,21.8,32.166,52.608,100,19.2,8.9,2506.5,3468.7,590.7,100,85,9.8,6,11,2,5,3,27,23.8,24.6,22.8,23.9,25.1,22.6,23.9,25.1,22.6,22.2,22.9,21.5
Sri Lanka,20798,24.3,8.6,11.17,131,66.8,64.4,69.3,16.1,15.1,16.9,8.624,19.606,96,22.4,3.8,159.5,503.6,79.4,89,54,15.1,12,45,12,17,3,89,5.2,2.9,7.3,18.5,34.7,2.3,10.2,20.3,0.2,7.2,14.4,0.1
Sweden,9838,17.4,7.2,19.03,52,72.4,71.5,73.4,19.2,18.2,20.1,42.856,117.224,99,19.3,11,5904.6,5699.6,887.6,100,92,6.1,2,11,1,3,1,18,20.6,23.1,18.1,17.9,22.7,13,9.6,9,10.3,7.6,6.8,8.4
Switzerland,8402,14.8,5.8,22.7,49,73.5,72.4,74.5,20.1,19,21.2,41.898,168.618,100,18,12.3,9956.3,8217,2882,100,95,10.4,4,13,2,3,2,25,19.5,22.2,16.9,20.3,21.5,19.2,20.3,21.5,19.2,20.1,20.8,19.3
Thailand,68864,17.7,32.3,13.28,147,66.8,64,69.8,17,15.7,18.1,4.651,23.683,99,22.3,3.7,247,670.9,27.5,100,85,26.6,14,21,26,14,9,85,10,7,12.7,17.5,32.6,2.4,16.9,32.5,1.3,16,30.9,1.1
Timor-Leste,1269,43.7,0.2,2.44,150,59.2,57.7,60.7,11.1,10.5,11.8,6.946,14.821,54,27.6,3.9,83.2,263.8,6.9,78,37,18.2,7,20,30,13,6,77,3.8,2.6,4.9,27.2,45.1,9.2,27.2,45.1,9.2,29.1,54.9,3.2
Togo,7606,41.8,1,7.85,265,53.9,53.6,54.2,11.9,11.6,12.1,0.493,3.018,16,28.9,6.2,38,103.7,22.2,65,39,31.2,8,29,58,18,0,115,8.4,3.9,12.5,6.4,11.3,1.4,5.6,10.6,0.7,4.2,8.2,0.2
Tunisia,11403,23.9,3.9,14.16,91,66.3,65.3,67.3,15.1,14.2,15.9,13.108,26.7,91,23.2,7.2,250.6,863.3,98,96,71,35.7,5,33,7,9,3,57,26.9,19.1,34.3,20.2,38.9,1.6,19.5,37.5,1.4,14.7,28.9,0.5
Turkey,79512,25.3,26.9,10.5,104,66,64.4,67.6,15.5,14.4,16.6,17.988,26.218,97,20.3,4.2,444.7,1180.6,77.3,99,77,41.2,9,22,3,6,6,46,32.1,24.4,39.2,24.5,35.9,13.1,24.5,35.9,13.1,23.4,34.2,12.6
Uganda,41488,48,4,10.97,288,54.9,52.9,56.9,12.8,12,13.4,0.954,15.565,18,27.3,6.3,38.9,122.7,15,49,66,48.7,5,11,47,10,1,74,5.3,1.8,8.6,8.2,13,3.4,5.2,8.9,1.5,4.8,8.5,1.1
United Arab Emirates,9270,13.9,0.6,8.69,74,66.7,66,68.3,14.9,14.4,16.1,22.111,49.828,99,21.1,3.3,1357,2468.5,256,98,96,37.2,1,10,1,3,0,16,31.7,27.5,41,14.6,28.8,0.5,11.8,23.2,0.3,8.6,17,0.1
United Kingdom of Great Britain and Northern Ireland,65789,17.6,45,16.52,67,71.9,70.9,72.9,19.2,18.3,20.1,27.465,82.936,99,15.2,9.6,3858.7,4338.4,615.7,100,93,10.6,6,12,6,5,3,32,27.8,26.9,28.6,16,17.7,14.3,16,17.7,14.3,15.2,16.9,13.6
United Republic of Tanzania,55572,45.1,7.4,12.31,261,56.5,54.9,58,13.4,12.8,14,0.14,0,30,27.3,3.6,33.9,104.3,8.2,57,51,25.1,5,17,43,9,0,75,8.4,4,12.7,10.7,18.8,2.6,8.2,15,1.5,7.5,14.4,0.6
United States of America,322180,19,195.6,21.29,114,68.5,66.9,70.1,17.9,16.7,19,25.781,0,100,12.9,17.1,10246.1,10246.1,1126.3,99,92,7.6,5,13,1,3,2,24,36.2,35.5,37,16.3,19.3,13.3,14.1,16,12.3,13,14.4,11.5
Uruguay,3444,21.2,1.9,20.77,114,68.8,65.8,71.2,17.6,15.4,19.6,39.558,0,97,20.7,9.3,1591.5,2101.9,279.3,99,84,8.7,6,13,4,6,3,32,27.9,24.9,30.6,17,20.2,13.8,17,20.2,13.8,15.3,17.8,12.7
Vanuatu,270,36.1,0.1,17.94,129,62.7,61.9,63.7,13.7,13,14.5,1.653,0,34,24.2,3.3,105.7,110.4,9.5,91,34,11,10,31,15,17,3,76,25.2,20.2,30.1,18.4,34.3,2.4,12.8,23.9,1.8,11.7,21.8,1.6
Yemen,27584,40.3,3.6,3.93,221,55.1,54.6,55.5,11.4,11,11.8,0,7.242,59,30.7,4.2,72,139,58.3,63,52,44.3,7,43,23,16,1,90,17.1,12,22,15.3,25.6,5,12.6,21.2,3.9,8.7,15.7,1.7
Zambia,16591,45.1,1.8,11.31,286,54.3,52.6,56,12.7,11.9,13.4,1.628,2.037,26,27.1,4.5,67.6,180.3,8,60,60,23.8,4,12,39,8,0,63,8.1,3.6,12.4,11.6,19.5,3.7,9.6,17.1,2,7.6,14.5,0.7
Zimbabwe,16150,41.4,2,8.49,334,54.4,52.7,55.9,13.4,12.4,14.1,1.815,13.825,36,28.2,6.6,110.1,201,22.7,64,50,19.1,6,13,39,8,1,67,15.5,4.7,25.3,10.5,19.9,1,10.5,19.9,1,9.6,18.8,0.3
